<?xml version="1.0" encoding="UTF-8" standalone="yes"?>
<w:document xmlns:wpc="http://schemas.microsoft.com/office/word/2010/wordprocessingCanvas" xmlns:mc="http://schemas.openxmlformats.org/markup-compatibility/2006" xmlns:o="urn:schemas-microsoft-com:office:office" xmlns:r="http://schemas.openxmlformats.org/officeDocument/2006/relationships" xmlns:m="http://schemas.openxmlformats.org/officeDocument/2006/math" xmlns:v="urn:schemas-microsoft-com:vml" xmlns:wp14="http://schemas.microsoft.com/office/word/2010/wordprocessingDrawing" xmlns:wp="http://schemas.openxmlformats.org/drawingml/2006/wordprocessingDrawing" xmlns:w10="urn:schemas-microsoft-com:office:word" xmlns:w="http://schemas.openxmlformats.org/wordprocessingml/2006/main" xmlns:w14="http://schemas.microsoft.com/office/word/2010/wordml" xmlns:wpg="http://schemas.microsoft.com/office/word/2010/wordprocessingGroup" xmlns:wpi="http://schemas.microsoft.com/office/word/2010/wordprocessingInk" xmlns:wne="http://schemas.microsoft.com/office/word/2006/wordml" xmlns:wps="http://schemas.microsoft.com/office/word/2010/wordprocessingShape" mc:Ignorable="w14 wp14"><w:body><w:tbl><w:tblPr><w:tblStyle w:val="a3"/><w:tblW w:w="0" w:type="auto"/><w:tblBorders><w:top w:val="none" w:sz="0" w:space="0" w:color="auto"/><w:left w:val="none" w:sz="0" w:space="0" w:color="auto"/><w:bottom w:val="none" w:sz="0" w:space="0" w:color="auto"/><w:right w:val="none" w:sz="0" w:space="0" w:color="auto"/><w:insideH w:val="none" w:sz="0" w:space="0" w:color="auto"/><w:insideV w:val="none" w:sz="0" w:space="0" w:color="auto"/></w:tblBorders><w:tblLook w:val="04A0" w:firstRow="1" w:lastRow="0" w:firstColumn="1" w:lastColumn="0" w:noHBand="0" w:noVBand="1"/></w:tblPr><w:tblGrid><w:gridCol w:w="567"/><w:gridCol w:w="87"/><w:gridCol w:w="1003"/><w:gridCol w:w="1336"/><w:gridCol w:w="87"/></w:tblGrid><w:tr w:rsidR="004605BB" w14:paraId="043F9F95" w14:textId="77777777" w:rsidTr="00B841AA"><w:trPr><w:gridAfter w:val="1"/><w:wAfter w:w="87" w:type="dxa"/><w:trHeight w:val="573"/></w:trPr><w:tc><w:tcPr><w:tcW w:w="567" w:type="dxa"/></w:tcPr><w:p w14:paraId="0BC3D5AA" w14:textId="6DAA72F8" w:rsidR="004605BB" w:rsidRPr="004605BB" w:rsidRDefault="004605BB" w:rsidP="00B841AA"><w:pPr><w:spacing w:line="192" w:lineRule="auto"/><w:rPr><w:i/><w:iCs/><w:sz w:val="16"/><w:szCs w:val="16"/></w:rPr></w:pPr><w:r w:rsidRPr="004605BB"><w:rPr><w:i/><w:iCs/><w:sz w:val="16"/><w:szCs w:val="16"/></w:rPr><w:t>кому</w:t></w:r></w:p></w:tc><w:tc><w:tcPr><w:tcW w:w="2426" w:type="dxa"/><w:gridSpan w:val="3"/></w:tcPr><w:p w14:paraId="5EE4A29F" w14:textId="7BB36E11" w:rsidR="004605BB" w:rsidRPr="006B14DB" w:rsidRDefault="00FE286D" w:rsidP="00B841AA"><w:pPr><w:spacing w:line="216" w:lineRule="auto"/><w:ind w:left="33" w:hanging="33"/><w:rPr><w:lang w:val="en-US"/></w:rPr></w:pPr><w:r><w:rPr><w:sz w:val="20"/><w:szCs w:val="20"/><w:lang w:val="en-US"/></w:rPr><w:t>Клавдия Копылова</w:t></w:r></w:p></w:tc></w:tr><w:tr w:rsidR="004605BB" w14:paraId="210E2F81" w14:textId="77777777" w:rsidTr="00B841AA"><w:trPr><w:gridAfter w:val="1"/><w:wAfter w:w="87" w:type="dxa"/><w:trHeight w:val="1126"/></w:trPr><w:tc><w:tcPr><w:tcW w:w="567" w:type="dxa"/></w:tcPr><w:p w14:paraId="17D9C73C" w14:textId="05190FA3" w:rsidR="004605BB" w:rsidRDefault="004605BB" w:rsidP="00B841AA"><w:pPr><w:spacing w:line="192" w:lineRule="auto"/></w:pPr><w:r><w:rPr><w:i/><w:iCs/><w:sz w:val="16"/><w:szCs w:val="16"/></w:rPr><w:t>куда</w:t></w:r></w:p></w:tc><w:tc><w:tcPr><w:tcW w:w="2426" w:type="dxa"/><w:gridSpan w:val="3"/></w:tcPr><w:p w14:paraId="28AD727F" w14:textId="691B76A2" w:rsidR="00B841AA" w:rsidRPr="006B14DB" w:rsidRDefault="00FE286D" w:rsidP="00B841AA"><w:pPr><w:tabs><w:tab w:val="center" w:pos="1190"/></w:tabs><w:spacing w:line="216" w:lineRule="auto"/><w:ind w:left="33" w:hanging="33"/><w:rPr><w:sz w:val="20"/><w:szCs w:val="20"/><w:lang w:val="en-US"/></w:rPr></w:pPr><w:r><w:rPr><w:sz w:val="20"/><w:szCs w:val="20"/><w:lang w:val="en-US"/></w:rPr><w:t>ХМАО, г .Сургут, ул. Югорская 5\1, кв. 11</w:t></w:r></w:p></w:tc></w:tr><w:tr w:rsidR="00B841AA" w14:paraId="73123B94" w14:textId="77777777" w:rsidTr="00B841AA"><w:trPr><w:trHeight w:val="276"/></w:trPr><w:tc><w:tcPr><w:tcW w:w="654" w:type="dxa"/><w:gridSpan w:val="2"/><w:vAlign w:val="bottom"/></w:tcPr><w:p w14:paraId="384138A3" w14:textId="58E5E6BD" w:rsidR="004605BB" w:rsidRPr="00B65ABD" w:rsidRDefault="00FE286D" w:rsidP="00B841AA"><w:pPr><w:spacing w:line="192" w:lineRule="auto"/><w:rPr><w:sz w:val="12"/><w:szCs w:val="12"/><w:lang w:val="en-US"/></w:rPr></w:pPr><w:r><w:rPr><w:sz w:val="12"/><w:szCs w:val="12"/><w:lang w:val="en-US"/></w:rPr><w:t>1980</w:t></w:r></w:p></w:tc><w:tc><w:tcPr><w:tcW w:w="1003" w:type="dxa"/><w:tcBorders><w:right w:val="single" w:sz="4" w:space="0" w:color="auto"/></w:tcBorders></w:tcPr><w:p w14:paraId="392697B6" w14:textId="77777777" w:rsidR="004605BB" w:rsidRDefault="004605BB" w:rsidP="00B841AA"><w:pPr><w:spacing w:line="204" w:lineRule="auto"/></w:pPr></w:p></w:tc><w:tc><w:tcPr><w:tcW w:w="1423" w:type="dxa"/><w:gridSpan w:val="2"/><w:tcBorders><w:top w:val="single" w:sz="4" w:space="0" w:color="auto"/><w:left w:val="single" w:sz="4" w:space="0" w:color="auto"/><w:bottom w:val="single" w:sz="4" w:space="0" w:color="auto"/><w:right w:val="single" w:sz="4" w:space="0" w:color="auto"/></w:tcBorders><w:vAlign w:val="center"/></w:tcPr><w:p w14:paraId="1896FA6F" w14:textId="7DBD8ADD" w:rsidR="004605BB" w:rsidRPr="006B14DB" w:rsidRDefault="00FE286D" w:rsidP="00B841AA"><w:pPr><w:spacing w:line="204" w:lineRule="auto"/><w:jc w:val="center"/><w:rPr><w:b/><w:bCs/><w:sz w:val="32"/><w:szCs w:val="32"/><w:lang w:val="en-US"/></w:rPr></w:pPr><w:bookmarkStart w:id="0" w:name="_GoBack"/><w:bookmarkEnd w:id="0"/><w:r><w:rPr><w:b/><w:bCs/><w:sz w:val="32"/><w:szCs w:val="32"/><w:lang w:val="en-US"/></w:rPr><w:t>628401</w:t></w:r></w:p></w:tc></w:tr></w:tbl><w:p w14:paraId="347B4E4D" w14:textId="3808C078" w:rsidR="00D4312F" w:rsidRPr="004605BB" w:rsidRDefault="00D4312F" w:rsidP="004605BB"><w:pPr><w:rPr><w:sz w:val="2"/><w:szCs w:val="2"/></w:rPr></w:pPr></w:p><w:sectPr w:rsidR="00D4312F" w:rsidRPr="004605BB" w:rsidSect="00B841AA"><w:pgSz w:w="3402" w:h="2268" w:code="263"/><w:pgMar w:top="57" w:right="57" w:bottom="57" w:left="57" w:header="709" w:footer="709" w:gutter="0"/><w:cols w:space="708"/><w:docGrid w:linePitch="360"/></w:sectPr></w:body></w:document>